pool/main/a/a2jmidid/a2jmidid_7+dfsg0-1_sparc.deb,xenial,main,sparc
pool/main/a/a7xpg/a7xpg_0.11.dfsg1-7_sparc.deb,xenial,main,sparc
pool/main/a/a52dec/liba52-0.7.4_0.7.4-16_sparc.deb,xenial,main,sparc
pool/main/a/a52dec/liba52-0.7.4_0.7.4-17~bpo70+1_sparc.deb,xenial,main,sparc
pool/main/a/a52dec/liba52-0.7.4-dev_0.7.4-16_sparc.deb,xenial,main,sparc
pool/main/a/a52dec/liba52-0.7.4-dev_0.7.4-17~bpo70+1_sparc.deb,xenial,main,sparc
pool/main/a/a56/a56_1.3-6_sparc.deb,xenial,main,sparc
pool/main/a/aa3d/aa3d_1.0-8_sparc.deb,xenial,main,sparc
pool/main/a/aalib/libaa1_1.4p5-40_sparc.deb,xenial,main,sparc
pool/main/a/aalib/libaa1-dbg_1.4p5-40_sparc.deb,xenial,main,sparc
pool/main/a/aalib/libaa1-dev_1.4p5-40_sparc.deb,xenial,main,sparc
pool/main/a/aalib/libaa-bin_1.4p5-40_sparc.deb,xenial,main,sparc
pool/main/a/aaphoto/aaphoto_0.41-1.1_sparc.deb,xenial,main,sparc
pool/main/a/abcmidi/abcmidi_20070318-2_sparc.deb,xenial,main,sparc
pool/main/a/abcmidi/abcmidi-yaps_20070318-2_sparc.deb,xenial,main,sparc
pool/main/a/abe/abe_1.1+dfsg-1_sparc.deb,xenial,main,sparc
pool/main/a/abook/abook_0.6.0~pre2-3_sparc.deb,xenial,main,sparc
pool/main/a/abootimg/abootimg_0.6-1_sparc.deb,xenial,main,sparc
pool/main/a/abr2gbr/abr2gbr_1.0.2-2_sparc.deb,xenial,main,sparc
pool/main/a/abraca/abraca_0.7.0-1_sparc.deb,xenial,main,sparc
pool/main/a/accountsservice/accountsservice_0.6.21-8_sparc.deb,xenial,main,sparc
pool/main/a/accountsservice/gir1.2-accountsservice-1.0_0.6.21-8_sparc.deb,xenial,main,sparc
pool/main/a/accountsservice/libaccountsservice0_0.6.21-8_sparc.deb,xenial,main,sparc
pool/main/a/accountsservice/libaccountsservice-dbg_0.6.21-8_sparc.deb,xenial,main,sparc
pool/main/a/accountsservice/libaccountsservice-dev_0.6.21-8_sparc.deb,xenial,main,sparc
pool/main/a/acct/acct_6.5.5-1_sparc.deb,xenial,main,sparc
pool/main/a/ace/ace-gperf_6.0.3+dfsg-0.1_sparc.deb,xenial,main,sparc
pool/main/a/ace/ace-netsvcs_6.0.3+dfsg-0.1_sparc.deb,xenial,main,sparc
pool/main/a/ace/libace-flreactor-6.0.3_6.0.3+dfsg-0.1_sparc.deb,xenial,main,sparc
pool/main/a/ace/libace-flreactor-dev_6.0.3+dfsg-0.1_sparc.deb,xenial,main,sparc
pool/main/a/ace/libace-foxreactor-6.0.3_6.0.3+dfsg-0.1_sparc.deb,xenial,main,sparc
pool/main/a/ace/libace-foxreactor-dev_6.0.3+dfsg-0.1_sparc.deb,xenial,main,sparc
pool/main/a/ace/libace-htbp-6.0.3_6.0.3+dfsg-0.1_sparc.deb,xenial,main,sparc
pool/main/a/ace/libace-htbp-dev_6.0.3+dfsg-0.1_sparc.deb,xenial,main,sparc
pool/main/a/ace/libace-inet-6.0.3_6.0.3+dfsg-0.1_sparc.deb,xenial,main,sparc
pool/main/a/ace/libace-inet-dev_6.0.3+dfsg-0.1_sparc.deb,xenial,main,sparc
pool/main/a/ace/libace-inet-ssl-6.0.3_6.0.3+dfsg-0.1_sparc.deb,xenial,main,sparc
pool/main/a/ace/libace-inet-ssl-dev_6.0.3+dfsg-0.1_sparc.deb,xenial,main,sparc
pool/main/a/ace/libace-qtreactor-6.0.3_6.0.3+dfsg-0.1_sparc.deb,xenial,main,sparc
pool/main/a/ace/libace-qtreactor-dev_6.0.3+dfsg-0.1_sparc.deb,xenial,main,sparc
pool/main/a/ace/libace-rmcast-6.0.3_6.0.3+dfsg-0.1_sparc.deb,xenial,main,sparc
pool/main/a/ace/libace-rmcast-dev_6.0.3+dfsg-0.1_sparc.deb,xenial,main,sparc
pool/main/a/ace/libace-ssl-6.0.3_6.0.3+dfsg-0.1_sparc.deb,xenial,main,sparc
pool/main/a/ace/libace-ssl-dev_6.0.3+dfsg-0.1_sparc.deb,xenial,main,sparc
pool/main/a/ace/libace-tkreactor-6.0.3_6.0.3+dfsg-0.1_sparc.deb,xenial,main,sparc
pool/main/a/ace/libace-tkreactor-dev_6.0.3+dfsg-0.1_sparc.deb,xenial,main,sparc
pool/main/a/ace/libace-tmcast-6.0.3_6.0.3+dfsg-0.1_sparc.deb,xenial,main,sparc
pool/main/a/ace/libace-tmcast-dev_6.0.3+dfsg-0.1_sparc.deb,xenial,main,sparc
pool/main/a/ace/libacexml-6.0.3_6.0.3+dfsg-0.1_sparc.deb,xenial,main,sparc
pool/main/a/ace/libacexml-dev_6.0.3+dfsg-0.1_sparc.deb,xenial,main,sparc
pool/main/a/ace/libace-xtreactor-6.0.3_6.0.3+dfsg-0.1_sparc.deb,xenial,main,sparc
pool/main/a/ace/libace-xtreactor-dev_6.0.3+dfsg-0.1_sparc.deb,xenial,main,sparc
pool/main/a/ace/libkokyu-6.0.3_6.0.3+dfsg-0.1_sparc.deb,xenial,main,sparc
pool/main/a/ace/libnetsvcs-6.0.3_6.0.3+dfsg-0.1_sparc.deb,xenial,main,sparc
pool/main/a/ace/libnetsvcs-dev_6.0.3+dfsg-0.1_sparc.deb,xenial,main,sparc
pool/main/a/acedb/acedb-other_4.9.39+dfsg.01-5_sparc.deb,xenial,main,sparc
pool/main/a/acedb/acedb-other-belvu_4.9.39+dfsg.01-5_sparc.deb,xenial,main,sparc
pool/main/a/acedb/acedb-other-dotter_4.9.39+dfsg.01-5_sparc.deb,xenial,main,sparc
